datetime,open,high,low,close,volume
2026-07-07T19:00:00+00:00,29198.600000000002,29218.100000000002,29078.600000000002,29203.350000000002,306791
2026-07-07T20:00:00+00:00,29203.350000000002,29244.83,29195.33,29227.280000000002,48190
2026-07-07T22:00:00+00:00,29227.280000000002,29227.280000000002,29133.480000000003,29196.16,31712
2026-07-07T23:00:00+00:00,29196.16,29220.41,29106.480000000003,29114.280000000002,36208
2026-07-08T00:00:00+00:00,29114.280000000002,29360.030000000002,29079.91,29356.41,112936
2026-07-08T01:00:00+00:00,29356.41,29371.030000000002,29240.530000000002,29249.91,89839
2026-07-08T02:00:00+00:00,29249.91,29288.530000000002,29201.66,29274.41,83136
2026-07-08T03:00:00+00:00,29274.41,29345.530000000002,29274.41,29280.530000000002,58611
2026-07-08T04:00:00+00:00,29280.530000000002,29286.91,29189.780000000002,29229.16,71855
2026-07-08T05:00:00+00:00,29229.16,29260.280000000002,29125.66,29160.91,84402
2026-07-08T06:00:00+00:00,29160.91,29176.91,29096.230000000003,29143.530000000002,65410
2026-07-08T07:00:00+00:00,29143.530000000002,29221.91,29095.030000000002,29195.030000000002,72991
2026-07-08T08:00:00+00:00,29195.030000000002,29228.530000000002,28771.230000000003,28823.16,179326
2026-07-08T09:00:00+00:00,28823.16,28847.280000000002,28722.980000000003,28772.030000000002,107929
2026-07-08T10:00:00+00:00,28772.030000000002,28873.980000000003,28736.730000000003,28832.230000000003,72518
2026-07-08T11:00:00+00:00,28832.230000000003,28938.41,28786.480000000003,28902.530000000002,92562
2026-07-08T12:00:00+00:00,28902.530000000002,29052.66,28866.980000000003,28967.66,87934
2026-07-08T13:00:00+00:00,28967.66,29212.81,28962.030000000002,29180.31,395904
2026-07-08T14:00:00+00:00,29180.31,29203.18,28965.06,29025.06,494189
2026-07-08T15:00:00+00:00,29025.06,29038.06,28848.18,28910.81,349707
2026-07-08T16:00:00+00:00,28910.81,29190.93,28906.480000000003,29186.68,190566
2026-07-08T17:00:00+00:00,29186.68,29271.68,29138.06,29166.93,175553
2026-07-08T18:00:00+00:00,29166.93,29238.78,29142.730000000003,29218.78,160992.12454907916
2026-07-08T19:00:00+00:00,29218.78,29313.53,29189.91,29271.41,179948
2026-07-08T20:00:00+00:00,29271.41,29281.88,29165.88,29203.96,59228
2026-07-08T22:00:00+00:00,29203.96,29264.21,29203.96,29240.59,20707
2026-07-08T23:00:00+00:00,29240.59,29318.21,29210.91,29307.34,36092
2026-07-09T00:00:00+00:00,29307.34,29398.09,29302.16,29318.84,87632
2026-07-09T01:00:00+00:00,29318.84,29370.34,29260.16,29264.84,90063
2026-07-09T02:00:00+00:00,29264.84,29392.34,29234.91,29244.84,82850
2026-07-09T03:00:00+00:00,29244.84,29332.84,29211.96,29321.59,79300
2026-07-09T04:00:00+00:00,29321.59,29374.21,29278.09,29367.96,60680
2026-07-09T05:00:00+00:00,29367.96,29424.71,29289.84,29422.34,77492
2026-07-09T06:00:00+00:00,29422.34,29458.46,29387.46,29427.71,59598
2026-07-09T07:00:00+00:00,29427.71,29521.71,29418.96,29499.84,55193
2026-07-09T08:00:00+00:00,29499.84,29550.71,29458.59,29476.84,63961
2026-07-09T09:00:00+00:00,29476.84,29485.09,29428.59,29460.09,57833
2026-07-09T10:00:00+00:00,29460.09,29484.34,29379.21,29415.96,53364
2026-07-09T11:00:00+00:00,29415.96,29536.09,29393.59,29511.59,68304
2026-07-09T12:00:00+00:00,29511.59,29601.71,29495.96,29550.96,76302
2026-07-09T13:00:00+00:00,29550.96,29746.24,29487.11,29726.36,289425
2026-07-09T14:00:00+00:00,29726.36,29738.11,29429.74,29602.61,433678
2026-07-09T15:00:00+00:00,29602.61,29720.86,29595.24,29701.74,177688
2026-07-09T16:00:00+00:00,29701.74,29739.49,29679.91,29712.74,102633
2026-07-09T17:00:00+00:00,29712.74,29808.86,29708.86,29789.74,80452
2026-07-09T18:00:00+00:00,29789.74,29800.11,29744.99,29754.86,86921
2026-07-09T19:00:00+00:00,29754.86,29773.49,29712.61,29763.86,114802
2026-07-09T20:00:00+00:00,29763.86,29788.84,29741.59,29745.78,33394
2026-07-09T22:00:00+00:00,29745.78,29776.61,29720.56,29737.61,23564
2026-07-09T23:00:00+00:00,29737.61,29779.49,29723.49,29748.86,25184
2026-07-10T00:00:00+00:00,29748.86,29767.99,29620.61,29682.86,89351
2026-07-10T01:00:00+00:00,29682.86,29738.61,29633.99,29708.24,59283
2026-07-10T02:00:00+00:00,29708.24,29768.86,29670.24,29767.61,48564
2026-07-10T03:00:00+00:00,29767.61,29779.24,29728.36,29748.74,35366
2026-07-10T04:00:00+00:00,29748.74,29764.99,29691.61,29699.24,36737
2026-07-10T05:00:00+00:00,29699.24,29713.24,29656.36,29661.74,45714
2026-07-10T06:00:00+00:00,29661.74,29673.11,29591.74,29635.36,51397
2026-07-10T07:00:00+00:00,29635.36,29641.74,29579.36,29589.49,47142
2026-07-10T08:00:00+00:00,29589.49,29620.36,29559.49,29589.74,59726
2026-07-10T09:00:00+00:00,29589.74,29643.49,29532.56,29631.24,45302
2026-07-10T10:00:00+00:00,29631.24,29678.24,29621.81,29666.49,35913
2026-07-10T11:00:00+00:00,29666.49,29703.49,29622.86,29631.49,51687
2026-07-10T12:00:00+00:00,29631.49,29695.36,29587.74,29616.36,77957
2026-07-10T13:00:00+00:00,29616.36,29784.76,29606.74,29738.76,319256
2026-07-10T14:00:00+00:00,29738.76,29782.14,29492.56,29634.26,416241
2026-07-10T15:00:00+00:00,29634.26,29808.01,29597.01,29761.14,297556
2026-07-10T16:00:00+00:00,29761.14,29859.14,29760.51,29843.26,134475
2026-07-10T17:00:00+00:00,29843.26,29888.39,29813.26,29855.14,89563
2026-07-10T18:00:00+00:00,29855.14,29886.14,29838.31,29854.64,83965
2026-07-10T19:00:00+00:00,29854.64,29893.01,29841.39,29853.51,96657
2026-07-10T20:00:00+00:00,29853.51,29877.890000000003,29847.86,29875.210000000003,19638
2026-07-12T22:00:00+00:00,29875.210000000003,30539.000000000004,29875.210000000003,30470.120000000003,34435
2026-07-12T23:00:00+00:00,30470.120000000003,30470.750000000004,30404.500000000004,30452.370000000003,32071
2026-07-13T00:00:00+00:00,30452.370000000003,30601.750000000004,30367.870000000003,30394.870000000003,116657
2026-07-13T01:00:00+00:00,30394.870000000003,30410.250000000004,30297.120000000003,30320.750000000004,110395
2026-07-13T02:00:00+00:00,30320.750000000004,30368.620000000003,30274.870000000003,30276.370000000003,74034
2026-07-13T03:00:00+00:00,30276.370000000003,30287.500000000004,30242.500000000004,30248.250000000004,55988
2026-07-13T04:00:00+00:00,30248.250000000004,30249.750000000004,30173.120000000003,30186.870000000003,47145
2026-07-13T05:00:00+00:00,30186.870000000003,30253.250000000004,30103.320000000003,30209.500000000004,85116
2026-07-13T06:00:00+00:00,30209.500000000004,30225.620000000003,30145.500000000004,30190.620000000003,72089
2026-07-13T07:00:00+00:00,30190.620000000003,30249.750000000004,30166.870000000003,30213.370000000003,61223
2026-07-13T08:00:00+00:00,30213.370000000003,30313.620000000003,30207.120000000003,30306.870000000003,55465
2026-07-13T09:00:00+00:00,30306.870000000003,30336.500000000004,30277.320000000003,30330.870000000003,34576
2026-07-13T10:00:00+00:00,30330.870000000003,30337.870000000003,30295.870000000003,30316.250000000004,35518
2026-07-13T11:00:00+00:00,30316.250000000004,30359.370000000003,30289.500000000004,30300.750000000004,58215
2026-07-13T12:00:00+00:00,30300.750000000004,30317.870000000003,30216.000000000004,30278.620000000003,71945
2026-07-13T13:00:00+00:00,30278.620000000003,30307.750000000004,30078.400000000005,30191.150000000005,373004
2026-07-13T14:00:00+00:00,30191.150000000005,30284.270000000004,30049.150000000005,30277.900000000005,431256
2026-07-13T15:00:00+00:00,30277.900000000005,30312.520000000004,30157.150000000005,30171.770000000004,242962
2026-07-13T16:00:00+00:00,30171.770000000004,30198.900000000005,30020.900000000005,30086.520000000004,230315
2026-07-13T17:00:00+00:00,30086.520000000004,30140.900000000005,30028.520000000004,30039.900000000005,175836
2026-07-13T18:00:00+00:00,30039.900000000005,30099.650000000005,30015.020000000004,30053.270000000004,164027
2026-07-13T19:00:00+00:00,30053.270000000004,30085.150000000005,29953.820000000003,30026.770000000004,178179
2026-07-13T20:00:00+00:00,30026.770000000004,30033.750000000004,29946.500000000004,29989.820000000003,44924
2026-07-13T22:00:00+00:00,29989.820000000003,30045.090000000004,29959.970000000005,29964.970000000005,26703
2026-07-13T23:00:00+00:00,29964.970000000005,29989.340000000004,29893.220000000005,29986.840000000004,40576
2026-07-14T00:00:00+00:00,29986.840000000004,30100.090000000004,29891.790000000005,30087.590000000004,173847
2026-07-14T01:00:00+00:00,30087.590000000004,30106.590000000004,30002.720000000005,30013.340000000004,118237
2026-07-14T02:00:00+00:00,30013.340000000004,30054.590000000004,29931.720000000005,29953.720000000005,101318
2026-07-14T03:00:00+00:00,29953.720000000005,29993.970000000005,29869.220000000005,29990.340000000004,95356
2026-07-14T04:00:00+00:00,29990.340000000004,30082.090000000004,29937.470000000005,30075.090000000004,68587
2026-07-14T05:00:00+00:00,30075.090000000004,30197.220000000005,30054.720000000005,30158.340000000004,67116
2026-07-14T06:00:00+00:00,30158.340000000004,30214.840000000004,30128.720000000005,30129.340000000004,54620
2026-07-14T07:00:00+00:00,30129.340000000004,30186.840000000004,30111.470000000005,30139.090000000004,86654
2026-07-14T08:00:00+00:00,30139.090000000004,30201.470000000005,30113.470000000005,30137.970000000005,85088
2026-07-14T09:00:00+00:00,30137.970000000005,30194.720000000005,30123.720000000005,30167.840000000004,56833
2026-07-14T10:00:00+00:00,30167.840000000004,30198.340000000004,30143.840000000004,30172.340000000004,51672
2026-07-14T11:00:00+00:00,30172.340000000004,30235.970000000005,30120.340000000004,30198.840000000004,98435
2026-07-14T12:00:00+00:00,30198.840000000004,30486.720000000005,30134.290000000005,30338.590000000004,133534
2026-07-14T13:00:00+00:00,30338.590000000004,30397.470000000005,30251.120000000003,30346.870000000003,366299
2026-07-14T14:00:00+00:00,30346.870000000003,30402.49,30133.620000000003,30339.99,445702
2026-07-14T15:00:00+00:00,30339.99,30461.74,30319.620000000003,30351.870000000003,259398
2026-07-14T16:00:00+00:00,30351.870000000003,30395.74,30270.620000000003,30392.49,170193
2026-07-14T17:00:00+00:00,30392.49,30432.370000000003,30373.290000000005,30429.24,100974
2026-07-14T18:00:00+00:00,30429.24,30443.620000000003,30376.540000000005,30390.370000000003,98146
2026-07-14T19:00:00+00:00,30390.370000000003,30403.870000000003,30336.99,30353.24,133552
2026-07-14T20:00:00+00:00,30353.24,30374.590000000004,30333.470000000005,30359.540000000005,34546
2026-07-14T22:00:00+00:00,30359.540000000005,30375.150000000005,30314.650000000005,30342.58,19986
2026-07-14T23:00:00+00:00,30342.58,30468.700000000004,30327.150000000005,30457.08,28222
2026-07-15T00:00:00+00:00,30457.08,30501.400000000005,30406.400000000005,30487.200000000004,73056
2026-07-15T01:00:00+00:00,30487.200000000004,30527.58,30429.450000000004,30525.450000000004,74240
2026-07-15T02:00:00+00:00,30525.450000000004,30556.08,30518.200000000004,30529.33,38430
2026-07-15T03:00:00+00:00,30529.33,30587.83,30516.200000000004,30581.33,32797
2026-07-15T04:00:00+00:00,30581.33,30591.700000000004,30552.08,30590.700000000004,29734
2026-07-15T05:00:00+00:00,30590.700000000004,30627.450000000004,30536.83,30600.200000000004,59701
2026-07-15T06:00:00+00:00,30600.200000000004,30618.58,30578.58,30599.83,41258
2026-07-15T07:00:00+00:00,30599.83,30631.33,30497.450000000004,30565.33,54072
2026-07-15T08:00:00+00:00,30565.33,30567.700000000004,30440.700000000004,30505.950000000004,59245
2026-07-15T09:00:00+00:00,30505.950000000004,30532.200000000004,30483.400000000005,30492.950000000004,40326
2026-07-15T10:00:00+00:00,30492.950000000004,30516.200000000004,30455.150000000005,30495.700000000004,43066
2026-07-15T11:00:00+00:00,30495.700000000004,30522.33,30474.08,30481.200000000004,51201
2026-07-15T12:00:00+00:00,30481.200000000004,30564.200000000004,30425.08,30549.33,75491
2026-07-15T13:00:00+00:00,30549.33,30568.08,30324.350000000002,30392.350000000002,291306
2026-07-15T14:00:00+00:00,30392.350000000002,30461.230000000003,30106.230000000003,30200.730000000003,470560
2026-07-15T15:00:00+00:00,30200.730000000003,30230.850000000002,30095.900000000005,30150.350000000002,313845
2026-07-15T16:00:00+00:00,30150.350000000002,30168.850000000002,29966.230000000003,30081.980000000003,262758
2026-07-15T17:00:00+00:00,30081.980000000003,30274.980000000003,30074.100000000002,30255.350000000002,145716
2026-07-15T18:00:00+00:00,30255.350000000002,30312.280000000006,30164.660000000007,30182.160000000007,129479.37672163395
2026-07-15T19:00:00+00:00,30182.160000000007,30276.160000000007,30158.910000000007,30270.280000000006,182164
2026-07-15T20:00:00+00:00,30270.280000000006,30306.260000000006,30230.08000000001,30277.83000000001,30486
2026-07-15T22:00:00+00:00,30277.83000000001,30322.250000000007,30249.700000000008,30290.450000000008,24406
2026-07-15T23:00:00+00:00,30290.450000000008,30309.750000000007,30255.450000000008,30264.750000000007,21543
2026-07-16T00:00:00+00:00,30264.750000000007,30336.250000000007,30196.130000000005,30225.500000000007,78930
2026-07-16T01:00:00+00:00,30225.500000000007,30260.130000000005,30168.380000000005,30223.630000000005,78102
2026-07-16T02:00:00+00:00,30223.630000000005,30309.000000000007,30194.380000000005,30301.250000000007,48121
2026-07-16T03:00:00+00:00,30301.250000000007,30325.250000000007,30281.130000000005,30317.380000000005,37764
2026-07-16T04:00:00+00:00,30317.380000000005,30329.380000000005,30271.380000000005,30282.000000000007,32285
2026-07-16T05:00:00+00:00,30282.000000000007,30369.880000000005,30241.130000000005,30260.750000000007,55341
2026-07-16T06:00:00+00:00,30260.750000000007,30321.700000000004,30215.950000000004,30258.630000000005,48178
2026-07-16T07:00:00+00:00,30258.630000000005,30258.630000000005,30122.250000000007,30136.500000000007,51672
2026-07-16T08:00:00+00:00,30136.500000000007,30168.630000000005,30052.000000000007,30165.380000000005,54920
2026-07-16T09:00:00+00:00,30165.380000000005,30218.380000000005,30101.880000000005,30104.630000000005,43234
2026-07-16T10:00:00+00:00,30104.630000000005,30135.250000000007,30077.000000000007,30103.750000000007,38321
2026-07-16T11:00:00+00:00,30103.750000000007,30104.750000000007,29934.950000000004,30020.500000000007,60581
2026-07-16T12:00:00+00:00,30020.500000000007,30031.630000000005,29937.630000000005,29966.250000000007,70509
2026-07-16T13:00:00+00:00,29966.250000000007,30103.030000000006,29834.150000000005,29920.450000000004,324187
2026-07-16T14:00:00+00:00,29920.450000000004,30076.030000000006,29895.200000000004,30008.900000000005,388150
2026-07-16T15:00:00+00:00,30008.900000000005,30039.900000000005,29910.780000000006,29965.530000000006,260358
2026-07-16T16:00:00+00:00,29965.530000000006,29969.150000000005,29835.950000000004,29912.400000000005,227221
2026-07-16T17:00:00+00:00,29912.400000000005,29918.400000000005,29794.030000000006,29817.280000000006,169693
2026-07-16T18:00:00+00:00,29817.280000000006,29878.030000000006,29773.400000000005,29784.780000000006,190331
2026-07-16T19:00:00+00:00,29784.780000000006,29816.280000000006,29653.530000000006,29790.900000000005,208756
2026-07-16T20:00:00+00:00,29790.900000000005,29803.200000000004,29736.130000000005,29751.820000000007,47524
2026-07-16T22:00:00+00:00,29751.820000000007,29798.010000000006,29695.760000000006,29715.390000000007,22910
2026-07-16T23:00:00+00:00,29715.390000000007,29723.890000000007,29640.510000000006,29675.010000000006,34636
2026-07-17T00:00:00+00:00,29675.010000000006,29704.010000000006,29575.390000000007,29636.890000000007,83842
2026-07-17T01:00:00+00:00,29636.890000000007,29685.390000000007,29525.760000000006,29551.140000000007,65531
2026-07-17T02:00:00+00:00,29551.140000000007,29565.390000000007,29482.710000000006,29504.010000000006,49480
2026-07-17T03:00:00+00:00,29504.010000000006,29605.510000000006,29490.510000000006,29491.260000000006,50017
2026-07-17T04:00:00+00:00,29491.260000000006,29492.010000000006,29355.010000000006,29385.260000000006,62999
2026-07-17T05:00:00+00:00,29385.260000000006,29401.260000000006,29306.760000000006,29335.510000000006,71860
2026-07-17T06:00:00+00:00,29335.510000000006,29404.260000000006,29304.760000000006,29323.390000000007,61543
2026-07-17T07:00:00+00:00,29323.390000000007,29346.760000000006,29263.260000000006,29266.510000000006,75594
2026-07-17T08:00:00+00:00,29266.510000000006,29314.010000000006,29136.760000000006,29208.760000000006,92525
2026-07-17T09:00:00+00:00,29208.760000000006,29307.010000000006,29199.390000000007,29290.760000000006,63762
2026-07-17T10:00:00+00:00,29290.760000000006,29404.510000000006,29272.710000000006,29363.890000000007,61914
2026-07-17T11:00:00+00:00,29363.890000000007,29387.640000000007,29298.510000000006,29320.010000000006,63083
2026-07-17T12:00:00+00:00,29320.010000000006,29325.010000000006,29226.890000000007,29244.760000000006,70397
2026-07-17T13:00:00+00:00,29244.760000000006,29264.410000000007,28988.540000000005,29254.960000000006,353703
2026-07-17T14:00:00+00:00,29254.960000000006,29474.540000000005,29245.710000000006,29306.910000000007,496606
2026-07-17T15:00:00+00:00,29306.910000000007,29528.290000000005,29254.290000000005,29513.410000000007,358308
2026-07-17T16:00:00+00:00,29513.410000000007,29608.290000000005,29427.290000000005,29555.540000000005,267233
2026-07-17T17:00:00+00:00,29555.540000000005,29626.040000000005,29465.040000000005,29476.040000000005,198568
2026-07-17T18:00:00+00:00,29476.040000000005,29515.410000000007,29376.790000000005,29441.790000000005,209813
2026-07-17T19:00:00+00:00,29441.790000000005,29449.040000000005,29299.040000000005,29344.410000000007,266162
2026-07-17T20:00:00+00:00,29344.410000000007,29344.640000000007,28581.79,28610.36,52735
2026-07-19T22:00:00+00:00,28610.36,28716.41,28577.54,28682.41,40841
2026-07-19T23:00:00+00:00,28682.41,28742.91,28648.86,28736.04,47986
2026-07-20T00:00:00+00:00,28736.04,28830.04,28673.54,28725.11,104607
2026-07-20T01:00:00+00:00,28725.11,28784.66,28630.41,28663.29,128013
2026-07-20T02:00:00+00:00,28663.29,28804.91,28660.54,28753.54,97677
2026-07-20T03:00:00+00:00,28753.54,28804.41,28717.66,28764.29,81089
2026-07-20T04:00:00+00:00,28764.29,28808.91,28711.29,28763.66,67660
2026-07-20T05:00:00+00:00,28763.66,28769.41,28656.41,28673.91,76169
2026-07-20T06:00:00+00:00,28673.91,28689.91,28633.16,28671.66,68546
2026-07-20T07:00:00+00:00,28671.66,28792.41,28665.11,28776.41,81223
2026-07-20T08:00:00+00:00,28776.41,28806.41,28727.66,28747.91,63588
2026-07-20T09:00:00+00:00,28747.91,28865.04,28722.54,28819.16,51338
2026-07-20T10:00:00+00:00,28819.16,28846.41,28788.29,28836.54,48015
2026-07-20T11:00:00+00:00,28836.54,28975.29,28831.16,28939.91,82460
2026-07-20T12:00:00+00:00,28939.91,28942.91,28849.16,28891.29,83135
2026-07-20T13:00:00+00:00,28891.29,29058.81,28848.31,28862.94,264483
2026-07-20T14:00:00+00:00,28862.94,28916.81,28743.19,28759.56,429986
2026-07-20T15:00:00+00:00,28759.56,28931.69,28740.69,28918.56,276982
2026-07-20T16:00:00+00:00,28918.56,28985.94,28823.44,28850.69,186356
2026-07-20T17:00:00+00:00,28850.69,28866.44,28768.44,28823.94,162220
2026-07-20T18:00:00+00:00,28823.94,28877.06,28723.31,28737.81,161394
2026-07-20T19:00:00+00:00,28737.81,28763.06,28635.69,28651.19,208528
2026-07-20T20:00:00+00:00,28651.19,28696.66,28617.79,28643.86,37384
2026-07-20T22:00:00+00:00,28643.86,28669.55,28571.12,28586.3,21018
2026-07-20T23:00:00+00:00,28586.3,28697.17,28581.8,28649.17,34113
2026-07-21T00:00:00+00:00,28649.17,28766.05,28576.17,28727.17,109952
2026-07-21T01:00:00+00:00,28727.17,28790.42,28706.92,28752.55,76661
2026-07-21T02:00:00+00:00,28752.55,28825.67,28729.05,28823.8,55561
2026-07-21T03:00:00+00:00,28823.8,28946.92,28821.55,28941.55,36117
2026-07-21T04:00:00+00:00,28941.55,28958.17,28918.3,28924.8,30706
2026-07-21T05:00:00+00:00,28924.8,28973.8,28886.42,28967.92,43004
2026-07-21T06:00:00+00:00,28967.92,29024.42,28965.3,29016.05,40847
2026-07-21T07:00:00+00:00,29016.05,29029.42,28957.42,28987.67,47885
2026-07-21T08:00:00+00:00,28987.67,29045.55,28973.87,29036.8,39995
2026-07-21T09:00:00+00:00,29036.8,29064.92,29020.8,29023.92,32165
2026-07-21T10:00:00+00:00,29023.92,29072.17,29023.92,29036.3,38154
2026-07-21T11:00:00+00:00,29036.3,29053.05,28990.55,29022.42,42274
2026-07-21T12:00:00+00:00,29022.42,29063.92,28981.55,29042.42,67336
2026-07-21T13:00:00+00:00,29042.42,29114.45,28962.7,29021.45,316091
2026-07-21T14:00:00+00:00,29021.45,29124.7,28934.95,29107.45,330408
2026-07-21T15:00:00+00:00,29107.45,29189.32,29051.7,29129.45,142907
2026-07-21T16:00:00+00:00,29129.45,29221.07,29124.45,29201.45,92388
2026-07-21T17:00:00+00:00,29201.45,29232.32,29193.07,29211.45,79370
2026-07-21T18:00:00+00:00,29211.45,29231.07,29180.82,29197.82,72223
2026-07-21T19:00:00+00:00,29197.82,29219.07,29160.82,29182.2,103177
2026-07-21T20:00:00+00:00,29182.2,29185.55,29148.8,29159.12,29746
2026-07-21T22:00:00+00:00,29159.12,29178.23,29120.98,29141.98,22799
2026-07-21T23:00:00+00:00,29141.98,29171.85,29129.6,29165.85,26772
2026-07-22T00:00:00+00:00,29165.85,29204.23,29127.48,29156.48,84390
2026-07-22T01:00:00+00:00,29156.48,29172.98,29100.48,29144.6,61163
2026-07-22T02:00:00+00:00,29144.6,29152.1,29097.23,29107.23,55553
2026-07-22T03:00:00+00:00,29107.23,29134.85,29058.35,29067.35,51116
2026-07-22T04:00:00+00:00,29067.35,29106.35,29056.1,29089.35,41828
2026-07-22T05:00:00+00:00,29089.35,29092.98,29008.73,29040.73,66847
2026-07-22T06:00:00+00:00,29040.73,29040.98,28928.1,28960.1,53775
2026-07-22T07:00:00+00:00,28960.1,28991.73,28894.48,28924.48,64529
2026-07-22T08:00:00+00:00,28924.48,28985.35,28908.73,28978.1,65562
2026-07-22T09:00:00+00:00,28978.1,29017.35,28957.6,28995.48,49521
2026-07-22T10:00:00+00:00,28995.48,29040.98,28981.48,29022.48,52590
2026-07-22T11:00:00+00:00,29022.48,29032.48,28886.1,28922.48,64350
2026-07-22T12:00:00+00:00,28922.48,28939.23,28830.55,28884.98,72784
2026-07-22T13:00:00+00:00,28884.98,29144.88,28884.98,29144,254005
2026-07-22T14:00:00+00:00,29144,29151.38,29042.88,29108.5,318333
2026-07-22T15:00:00+00:00,29108.5,29210.13,29108.5,29198,160706
2026-07-22T16:00:00+00:00,29198,29203,29145.38,29178.75,99342
2026-07-22T17:00:00+00:00,29178.75,29199,29102.88,29112.38,92414
2026-07-22T18:00:00+00:00,29112.38,29138.5,29076.38,29113.75,94838
2026-07-22T19:00:00+00:00,29113.75,29127.25,29027.13,29027.13,115946
2026-07-22T20:00:00+00:00,29027.13,29126.98,28987.3,29034.3,68755
2026-07-22T22:00:00+00:00,29034.3,29034.3,28910.31,28942.93,32238
2026-07-22T23:00:00+00:00,28942.93,29013.93,28898.68,29013.43,29125
2026-07-23T00:00:00+00:00,29013.43,29152.31,29003.68,29126.31,66850
2026-07-23T01:00:00+00:00,29126.31,29143.68,29046.68,29047.31,75545
2026-07-23T02:00:00+00:00,29047.31,29070.81,28929.93,28962.18,62135
2026-07-23T03:00:00+00:00,28962.18,28998.81,28901.31,28982.31,58188
2026-07-23T04:00:00+00:00,28982.31,29036.06,28938.68,28995.06,51973
2026-07-23T05:00:00+00:00,28995.06,29053.56,28950.18,28957.68,62228
2026-07-23T06:00:00+00:00,28957.68,28989.93,28947.43,28954.68,56506
2026-07-23T07:00:00+00:00,28954.68,28956.68,28792.93,28858.06,84312
2026-07-23T08:00:00+00:00,28858.06,28981.18,28829.68,28973.68,65171
2026-07-23T09:00:00+00:00,28973.68,29007.68,28916.18,28925.81,54627
2026-07-23T10:00:00+00:00,28925.81,28992.81,28907.68,28973.18,53285
2026-07-23T11:00:00+00:00,28973.18,28978.18,28784.43,28835.56,78961
2026-07-23T12:00:00+00:00,28835.56,28837.31,28627.43,28657.56,111335
2026-07-23T13:00:00+00:00,28657.56,28752.829999999998,28528.579999999998,28579.46,388018
2026-07-23T14:00:00+00:00,28579.46,28670.96,28448.829999999998,28468.579999999998,534487
2026-07-23T15:00:00+00:00,28468.579999999998,28474.96,28303.96,28459.079999999998,323638
2026-07-23T16:00:00+00:00,28459.079999999998,28608.96,28444.71,28512.329999999998,239633
2026-07-23T17:00:00+00:00,28512.329999999998,28547.329999999998,28437.21,28439.579999999998,247496
2026-07-23T18:00:00+00:00,28439.579999999998,28473.96,28396.579999999998,28421.21,175606
2026-07-23T19:00:00+00:00,28421.21,28503.829999999998,28357.46,28482.46,190448
2026-07-23T20:00:00+00:00,28482.46,28651.93,28482.46,28611.25,60848
2026-07-23T22:00:00+00:00,28611.25,28611.25,28499.73,28605.36,31201
2026-07-23T23:00:00+00:00,28605.36,28609.36,28534.11,28554.86,39519
2026-07-24T00:00:00+00:00,28554.86,28599.61,28491.36,28545.98,117280
2026-07-24T01:00:00+00:00,28545.98,28576.73,28486.61,28489.61,104788
2026-07-24T02:00:00+00:00,28489.61,28506.48,28391.98,28394.86,74073
2026-07-24T03:00:00+00:00,28394.86,28434.98,28356.73,28360.73,71765
2026-07-24T04:00:00+00:00,28360.73,28446.23,28342.36,28440.36,59097
2026-07-24T05:00:00+00:00,28440.36,28481.61,28419.48,28420.98,69976
2026-07-24T06:00:00+00:00,28420.98,28451.11,28357.11,28419.36,56841
2026-07-24T07:00:00+00:00,28419.36,28538.48,28415.61,28490.61,63173
2026-07-24T08:00:00+00:00,28490.61,28524.36,28432.36,28496.36,64036
2026-07-24T09:00:00+00:00,28496.36,28579.23,28486.98,28574.98,52216
2026-07-24T10:00:00+00:00,28574.98,28580.11,28508.61,28514.98,43122
2026-07-24T11:00:00+00:00,28514.98,28572.61,28477.23,28554.23,65384
2026-07-24T12:00:00+00:00,28554.23,28570.48,28463.73,28466.98,77039
2026-07-24T13:00:00+00:00,28466.98,28496.51,28189.63,28198.68,343518
2026-07-24T14:00:00+00:00,28198.68,28332.88,28130.51,28325.51,498129
2026-07-24T15:00:00+00:00,28325.51,28458.63,28231.13,28452.13,355512
2026-07-24T16:00:00+00:00,28452.13,28506.13,28337.51,28370.51,202313
2026-07-24T17:00:00+00:00,28370.51,28418.76,28303.51,28342.01,186956
2026-07-24T18:00:00+00:00,28342.01,28361.26,28134.88,28177.13,187742
2026-07-24T19:00:00+00:00,28177.13,28203.26,28088.76,28161.51,231429
2026-07-24T20:00:00+00:00,28161.51,28190.66,28135.18,28168.24,40969
2026-07-26T22:00:00+00:00,28168.24,28548.08,28168.24,28482.510000000002,33555
2026-07-26T23:00:00+00:00,28482.510000000002,28603.260000000002,28471.510000000002,28600.630000000005,33268
2026-07-27T00:00:00+00:00,28600.630000000005,28602.760000000002,28454.510000000002,28468.510000000002,57155
2026-07-27T01:00:00+00:00,28468.510000000002,28505.760000000002,28399.330000000005,28486.630000000005,70761
2026-07-27T02:00:00+00:00,28486.630000000005,28529.880000000005,28459.760000000002,28486.630000000005,64437
2026-07-27T03:00:00+00:00,28486.630000000005,28522.630000000005,28466.010000000002,28485.880000000005,61169
2026-07-27T04:00:00+00:00,28485.880000000005,28535.380000000005,28470.260000000002,28516.760000000002,57991
2026-07-27T05:00:00+00:00,28516.760000000002,28576.010000000002,28510.380000000005,28567.260000000002,51745
2026-07-27T06:00:00+00:00,28567.260000000002,28600.510000000002,28552.880000000005,28565.760000000002,49442
2026-07-27T07:00:00+00:00,28565.760000000002,28604.010000000002,28534.130000000005,28534.130000000005,62000
2026-07-27T08:00:00+00:00,28534.130000000005,28621.130000000005,28533.380000000005,28608.880000000005,61912
2026-07-27T09:00:00+00:00,28608.880000000005,28634.510000000002,28591.130000000005,28618.380000000005,40527
2026-07-27T10:00:00+00:00,28618.380000000005,28629.880000000005,28599.260000000002,28613.760000000002,35183
2026-07-27T11:00:00+00:00,28613.760000000002,28616.510000000002,28520.760000000002,28545.260000000002,52953
2026-07-27T12:00:00+00:00,28545.260000000002,28569.630000000005,28501.880000000005,28563.010000000002,67556
2026-07-27T13:00:00+00:00,28563.010000000002,28571.510000000002,28214.910000000003,28220.030000000002,367427
2026-07-27T14:00:00+00:00,28220.030000000002,28243.660000000003,27812.530000000002,28042.910000000003,524829
2026-07-27T15:00:00+00:00,28042.910000000003,28070.160000000003,27853.410000000003,27935.030000000002,406262
2026-07-27T16:00:00+00:00,27935.030000000002,28073.280000000002,27900.780000000002,27919.530000000002,311127
2026-07-27T17:00:00+00:00,27919.530000000002,27978.410000000003,27860.030000000002,27977.530000000002,217263
2026-07-27T18:00:00+00:00,27977.530000000002,28063.660000000003,27893.030000000002,28060.910000000003,201204
2026-07-27T19:00:00+00:00,28060.910000000003,28126.910000000003,28028.660000000003,28065.160000000003,167459
2026-07-27T20:00:00+00:00,28065.160000000003,28103.130000000005,28041.630000000005,28082.700000000004,43027
2026-07-27T22:00:00+00:00,28082.700000000004,28101.860000000004,27999.610000000004,28007.230000000003,26887
2026-07-27T23:00:00+00:00,28007.230000000003,28051.980000000003,27980.230000000003,28037.480000000003,44048
2026-07-28T00:00:00+00:00,28037.480000000003,28068.860000000004,27931.110000000004,27945.860000000004,148729
2026-07-28T01:00:00+00:00,27945.860000000004,27971.110000000004,27844.110000000004,27895.230000000003,117792
2026-07-28T02:00:00+00:00,27895.230000000003,27904.610000000004,27826.110000000004,27866.980000000003,96525
2026-07-28T03:00:00+00:00,27866.980000000003,27945.110000000004,27807.610000000004,27923.110000000004,100988
2026-07-28T04:00:00+00:00,27923.110000000004,27923.110000000004,27826.110000000004,27830.360000000004,80763
2026-07-28T05:00:00+00:00,27830.360000000004,27857.480000000003,27746.360000000004,27755.110000000004,78190
2026-07-28T06:00:00+00:00,27755.110000000004,27831.480000000003,27714.230000000003,27821.230000000003,79947
2026-07-28T07:00:00+00:00,27821.230000000003,27862.480000000003,27782.980000000003,27807.730000000003,84555
2026-07-28T08:00:00+00:00,27807.730000000003,27925.360000000004,27754.730000000003,27868.360000000004,99056
2026-07-28T09:00:00+00:00,27868.360000000004,27890.610000000004,27816.730000000003,27831.230000000003,64889
2026-07-28T10:00:00+00:00,27831.230000000003,27853.730000000003,27779.980000000003,27818.480000000003,68872
2026-07-28T11:00:00+00:00,27818.480000000003,27847.860000000004,27724.360000000004,27837.610000000004,102323
2026-07-28T12:00:00+00:00,27837.610000000004,27906.610000000004,27823.730000000003,27868.230000000003,93737
2026-07-28T13:00:00+00:00,27868.230000000003,27902.730000000003,27519.510000000002,27537.680000000004,365741
2026-07-28T14:00:00+00:00,27537.680000000004,27764.380000000005,27479.880000000005,27676.510000000002,510661
2026-07-28T15:00:00+00:00,27676.510000000002,27936.630000000005,27642.880000000005,27922.260000000002,307991
2026-07-28T16:00:00+00:00,27922.260000000002,27953.510000000002,27829.510000000002,27932.010000000002,191651
2026-07-28T17:00:00+00:00,27932.010000000002,27940.010000000002,27800.510000000002,27847.510000000002,175625
2026-07-28T18:00:00+00:00,27847.510000000002,27873.760000000002,27789.010000000002,27847.510000000002,165750
2026-07-28T19:00:00+00:00,27847.510000000002,27897.760000000002,27788.260000000002,27796.380000000005,171996
2026-07-28T20:00:00+00:00,27796.380000000005,27865.110000000004,27758.930000000004,27835.310000000005,56062
2026-07-28T22:00:00+00:00,27835.310000000005,27893.570000000003,27637.200000000004,27637.200000000004,45719
2026-07-28T23:00:00+00:00,27637.200000000004,27983.950000000004,27614.770000000004,27982.070000000003,68511
2026-07-29T00:00:00+00:00,27982.070000000003,28053.520000000004,27881.200000000004,27890.070000000003,118904
2026-07-29T01:00:00+00:00,27890.070000000003,27920.820000000003,27664.570000000003,27667.020000000004,130348
2026-07-29T02:00:00+00:00,27667.020000000004,27791.320000000003,27651.320000000003,27719.570000000003,108724
2026-07-29T03:00:00+00:00,27719.570000000003,27760.950000000004,27582.320000000003,27596.950000000004,88436
2026-07-29T04:00:00+00:00,27596.950000000004,27638.820000000003,27521.070000000003,27636.700000000004,127301
2026-07-29T05:00:00+00:00,27636.700000000004,27733.320000000003,27616.450000000004,27674.950000000004,103482
2026-07-29T06:00:00+00:00,27674.950000000004,27821.450000000004,27616.950000000004,27809.320000000003,72311
2026-07-29T07:00:00+00:00,27809.320000000003,27841.450000000004,27771.320000000003,27786.950000000004,62746
2026-07-29T08:00:00+00:00,27786.950000000004,27818.320000000003,27699.950000000004,27783.200000000004,71734
2026-07-29T09:00:00+00:00,27783.200000000004,27940.200000000004,27780.820000000003,27898.950000000004,58075
2026-07-29T10:00:00+00:00,27898.950000000004,27924.450000000004,27812.200000000004,27828.570000000003,60080
2026-07-29T11:00:00+00:00,27828.570000000003,27903.570000000003,27814.950000000004,27883.320000000003,68200
2026-07-29T12:00:00+00:00,27883.320000000003,27887.070000000003,27725.820000000003,27789.320000000003,94290
2026-07-29T13:00:00+00:00,27789.320000000003,27875.970000000005,27549.350000000002,27612.850000000002,353169
2026-07-29T14:00:00+00:00,27612.850000000002,27706.970000000005,27393.220000000005,27480.970000000005,514431
2026-07-29T15:00:00+00:00,27480.970000000005,27536.850000000002,27346.470000000005,27398.350000000002,360368
2026-07-29T16:00:00+00:00,27398.350000000002,27484.350000000002,27290.850000000002,27484.350000000002,249857
2026-07-29T17:00:00+00:00,27484.350000000002,27629.850000000002,27478.970000000005,27596.020000000004,221562
2026-07-29T18:00:00+00:00,27596.020000000004,27976.720000000005,27590.470000000005,27937.970000000005,425807
2026-07-29T19:00:00+00:00,27937.970000000005,27979.220000000005,27200.220000000005,27212.770000000004,521616
2026-07-29T20:00:00+00:00,27212.770000000004,27240.520000000004,27087.950000000004,27139.900000000005,96887
2026-07-29T22:00:00+00:00,27139.900000000005,27377.390000000003,27101.890000000003,27340.320000000003,53491
2026-07-29T23:00:00+00:00,27340.320000000003,27448.440000000002,27336.390000000003,27411.940000000002,63144
2026-07-30T00:00:00+00:00,27411.940000000002,27499.320000000003,27363.940000000002,27436.570000000003,192002
2026-07-30T01:00:00+00:00,27436.570000000003,27585.940000000002,27425.320000000003,27540.820000000003,143401
2026-07-30T02:00:00+00:00,27540.820000000003,27576.820000000003,27429.320000000003,27431.320000000003,110084
2026-07-30T03:00:00+00:00,27431.320000000003,27466.320000000003,27361.570000000003,27420.690000000002,113502
2026-07-30T04:00:00+00:00,27420.690000000002,27433.320000000003,27325.070000000003,27337.070000000003,107752
2026-07-30T05:00:00+00:00,27337.070000000003,27435.690000000002,27311.320000000003,27377.940000000002,124010
2026-07-30T06:00:00+00:00,27377.940000000002,27395.820000000003,27306.940000000002,27325.070000000003,86198
2026-07-30T07:00:00+00:00,27325.070000000003,27411.070000000003,27243.570000000003,27283.890000000003,112092
2026-07-30T08:00:00+00:00,27283.890000000003,27409.190000000002,27227.940000000002,27367.690000000002,90220
2026-07-30T09:00:00+00:00,27367.690000000002,27468.190000000002,27353.440000000002,27399.070000000003,68293
2026-07-30T10:00:00+00:00,27399.070000000003,27530.190000000002,27371.320000000003,27500.690000000002,71400
2026-07-30T11:00:00+00:00,27500.690000000002,27627.570000000003,27495.640000000003,27607.320000000003,75211
2026-07-30T12:00:00+00:00,27607.320000000003,27702.190000000002,27578.820000000003,27688.690000000002,116003
2026-07-30T13:00:00+00:00,27688.690000000002,28036.590000000004,27677.190000000002,28034.720000000005,362482
2026-07-30T14:00:00+00:00,28034.720000000005,28127.840000000004,27906.970000000005,27954.090000000004,467417
2026-07-30T15:00:00+00:00,27954.090000000004,28018.840000000004,27880.340000000004,27962.340000000004,419324
2026-07-30T16:00:00+00:00,27962.340000000004,28075.220000000005,27940.720000000005,28009.470000000005,228032
2026-07-30T17:00:00+00:00,28009.470000000005,28089.970000000005,28009.470000000005,28060.970000000005,160264
2026-07-30T18:00:00+00:00,28060.970000000005,28087.840000000004,28032.220000000005,28064.090000000004,119810
2026-07-30T19:00:00+00:00,28064.090000000004,28180.340000000004,28064.090000000004,28106.970000000005,166958
2026-07-30T20:00:00+00:00,28106.970000000005,28282.890000000003,28088.890000000003,28215.640000000003,78874
2026-07-30T22:00:00+00:00,28215.640000000003,28292.060000000005,28187.510000000002,28273.190000000002,47522
2026-07-30T23:00:00+00:00,28273.190000000002,28324.440000000002,28241.190000000002,28302.310000000005,37261
2026-07-31T00:00:00+00:00,28302.310000000005,28402.940000000002,28276.690000000002,28401.310000000005,83554
2026-07-31T01:00:00+00:00,28401.310000000005,28450.810000000005,28334.810000000005,28356.060000000005,73586
2026-07-31T02:00:00+00:00,28356.060000000005,28378.060000000005,28269.060000000005,28311.440000000002,66472
2026-07-31T03:00:00+00:00,28311.440000000002,28356.690000000002,28277.190000000002,28337.310000000005,76612
2026-07-31T04:00:00+00:00,28337.310000000005,28435.560000000005,28302.310000000005,28428.690000000002,48417
2026-07-31T05:00:00+00:00,28428.690000000002,28469.690000000002,28417.940000000002,28465.190000000002,45016
2026-07-31T06:00:00+00:00,28465.190000000002,28490.190000000002,28329.690000000002,28365.190000000002,57101
2026-07-31T07:00:00+00:00,28365.190000000002,28462.560000000005,28334.810000000005,28452.810000000005,74830
2026-07-31T08:00:00+00:00,28452.810000000005,28489.810000000005,28403.690000000002,28481.810000000005,81671
2026-07-31T09:00:00+00:00,28481.810000000005,28519.560000000005,28409.190000000002,28410.190000000002,62082
2026-07-31T10:00:00+00:00,28410.190000000002,28468.690000000002,28399.010000000002,28443.560000000005,48918
2026-07-31T11:00:00+00:00,28443.560000000005,28504.560000000005,28401.810000000005,28432.940000000002,81531
2026-07-31T12:00:00+00:00,28432.940000000002,28434.440000000002,28312.310000000005,28347.560000000005,90064
2026-07-31T13:00:00+00:00,28347.560000000005,28604.840000000004,28176.460000000003,28236.510000000002,382852
2026-07-31T14:00:00+00:00,28236.510000000002,28268.260000000002,27960.210000000003,28186.960000000003,575748
2026-07-31T15:00:00+00:00,28186.960000000003,28221.210000000003,27995.460000000003,28153.590000000004,447212
2026-07-31T16:00:00+00:00,28153.590000000004,28269.090000000004,28125.590000000004,28246.590000000004,252131
2026-07-31T17:00:00+00:00,28246.590000000004,28382.090000000004,28240.090000000004,28307.960000000003,168298
2026-07-31T18:00:00+00:00,28307.960000000003,28341.210000000003,28275.460000000003,28313.460000000003,160982
2026-07-31T19:00:00+00:00,28313.460000000003,28402.840000000004,28265.710000000003,28282.340000000004,193910
2026-07-31T20:00:00+00:00,28282.340000000004,28312.060000000005,28220.560000000005,28267.390000000003,51854
2026-08-02T22:00:00+00:00,28267.390000000003,28534.77,28267.390000000003,28463.27,41074
2026-08-02T23:00:00+00:00,28463.27,28530.02,28438.89,28507.39,36411
2026-08-03T00:00:00+00:00,28507.39,28523.52,28432.14,28515.39,118544
2026-08-03T01:00:00+00:00,28515.39,28543.14,28458.64,28538.02,73659
2026-08-03T02:00:00+00:00,28538.02,28574.14,28525.14,28554.77,43580
2026-08-03T03:00:00+00:00,28554.77,28591.52,28534.52,28563.89,36708
2026-08-03T04:00:00+00:00,28563.89,28582.14,28542.39,28545.02,29067
2026-08-03T05:00:00+00:00,28545.02,28560.64,28511.64,28535.02,36242
2026-08-03T06:00:00+00:00,28535.02,28554.39,28469.77,28487.27,36580
2026-08-03T07:00:00+00:00,28487.27,28527.52,28452.39,28480.89,55880
2026-08-03T08:00:00+00:00,28480.89,28488.64,28366.52,28487.39,60516
2026-08-03T09:00:00+00:00,28487.39,28493.27,28415.02,28452.02,49225
2026-08-03T10:00:00+00:00,28452.02,28458.14,28383.14,28435.27,46399
2026-08-03T11:00:00+00:00,28435.27,28440.39,28297.64,28314.64,76283
2026-08-03T12:00:00+00:00,28314.64,28384.39,28277.02,28353.27,79756
2026-08-03T13:00:00+00:00,28353.27,28520.09,28208.67,28518.54,308812
2026-08-03T14:00:00+00:00,28518.54,28697.04,28425.17,28695.54,342405
2026-08-03T15:00:00+00:00,28695.54,28706.17,28618.29,28686.29,195566
2026-08-03T16:00:00+00:00,28686.29,28741.04,28684.29,28716.04,107392
2026-08-03T17:00:00+00:00,28716.04,28815.54,28708.42,28811.42,79013
2026-08-03T18:00:00+00:00,28811.42,28857.54,28777.42,28801.29,101991
2026-08-03T19:00:00+00:00,28801.29,28837.54,28760.42,28794.79,125468
2026-08-03T20:00:00+00:00,28794.79,28835.02,28772.64,28823.59,27916
2026-08-03T22:00:00+00:00,28823.59,28856.05,28812.87,28839.8,12183
2026-08-03T23:00:00+00:00,28839.8,28865.8,28825.3,28865.42,15230
2026-08-04T00:00:00+00:00,28865.42,28870.67,28759.3,28773.17,77352
2026-08-04T01:00:00+00:00,28773.17,28942.17,28726.17,28935.55,75079
2026-08-04T02:00:00+00:00,28935.55,28939.05,28837.67,28867.42,85244
2026-08-04T03:00:00+00:00,28867.42,28899.92,28826.92,28890.05,70908
2026-08-04T04:00:00+00:00,28890.05,28917.8,28862.8,28910.17,50854
2026-08-04T05:00:00+00:00,28910.17,28968.92,28873.42,28967.42,60835
2026-08-04T06:00:00+00:00,28967.42,28992.8,28937.17,28967.42,40989
2026-08-04T07:00:00+00:00,28967.42,29012.17,28932.8,28965.92,69810
2026-08-04T08:00:00+00:00,28965.92,29026.17,28933.05,28963.3,77627
2026-08-04T09:00:00+00:00,28963.3,28979.92,28902.05,28972.17,56556
2026-08-04T10:00:00+00:00,28972.17,29036.92,28961.3,29010.55,65176
2026-08-04T11:00:00+00:00,29010.55,29139.67,29008.92,29131.67,87926
2026-08-04T12:00:00+00:00,29131.67,29131.67,29082.8,29097.05,68254
2026-08-04T13:00:00+00:00,29097.05,29397.2,29086.05,29359.82,261152
2026-08-04T14:00:00+00:00,29359.82,29461.45,29329.2,29444.2,281270
2026-08-04T15:00:00+00:00,29444.2,29591.32,29440.07,29566.2,145996
2026-08-04T16:00:00+00:00,29566.2,29639.32,29556.57,29637.95,99156
2026-08-04T17:00:00+00:00,29637.95,29792.32,29634.82,29728.62,121160
2026-08-04T18:00:00+00:00,29728.62,29789.82,29703.12,29776.2,139043
2026-08-04T19:00:00+00:00,29776.2,29851.07,29743.45,29767.07,157960
2026-08-04T20:00:00+00:00,29767.07,29843.05,29656.37,29713.87,102568
2026-08-04T22:00:00+00:00,29713.87,29736.41,29667.23,29719.03,30501
2026-08-04T23:00:00+00:00,29719.03,29749.16,29696.03,29728.03,32719
2026-08-05T00:00:00+00:00,29728.03,29768.78,29705.91,29741.28,71301
2026-08-05T01:00:00+00:00,29741.28,29772.66,29691.03,29762.03,72094
2026-08-05T02:00:00+00:00,29762.03,29780.53,29735.28,29752.78,52808
2026-08-05T03:00:00+00:00,29752.78,29786.16,29749.03,29782.03,39049
2026-08-05T04:00:00+00:00,29782.03,29808.91,29752.28,29795.41,32346
2026-08-05T05:00:00+00:00,29795.41,29877.78,29787.41,29873.16,36055
2026-08-05T06:00:00+00:00,29873.16,29882.41,29818.03,29861.66,42799
2026-08-05T07:00:00+00:00,29861.66,29879.16,29777.78,29795.91,58163
2026-08-05T08:00:00+00:00,29795.91,29817.91,29691.28,29729.53,72142
2026-08-05T09:00:00+00:00,29729.53,29786.28,29707.28,29750.66,52606
2026-08-05T10:00:00+00:00,29750.66,29763.78,29726.66,29756.28,47652
2026-08-05T11:00:00+00:00,29756.28,29835.66,29756.28,29812.03,61703
2026-08-05T12:00:00+00:00,29812.03,29838.91,29785.41,29807.78,73541
2026-08-05T13:00:00+00:00,29807.78,29964.68,29788.91,29942.93,358519
2026-08-05T14:00:00+00:00,29942.93,29942.93,29683.18,29740.81,535506
2026-08-05T15:00:00+00:00,29740.81,29783.18,29608.43,29631.43,310557
2026-08-05T16:00:00+00:00,29631.43,29732.31,29595.31,29702.31,249623
2026-08-05T17:00:00+00:00,29702.31,29712.06,29628.56,29649.81,175283
2026-08-05T18:00:00+00:00,29649.81,29678.18,29617.18,29619.31,120184
2026-08-05T19:00:00+00:00,29619.31,29672.06,29486.68,29500.56,143907
2026-08-05T20:00:00+00:00,29500.56,29510.66,29424.23,29485.86,62948
2026-08-05T22:00:00+00:00,29485.86,29574.94,29460.26,29518.94,28620
2026-08-05T23:00:00+00:00,29518.94,29545.81,29463.69,29480.44,31962
2026-08-06T00:00:00+00:00,29480.44,29505.06,29432.56,29435.69,102298
2026-08-06T01:00:00+00:00,29435.69,29436.94,29351.56,29395.06,95710
2026-08-06T02:00:00+00:00,29395.06,29517.44,29386.81,29490.31,72509
2026-08-06T03:00:00+00:00,29490.31,29505.56,29422.56,29477.94,67403
2026-08-06T04:00:00+00:00,29477.94,29497.06,29432.81,29472.06,61883
2026-08-06T05:00:00+00:00,29472.06,29493.06,29442.06,29475.94,73740
2026-08-06T06:00:00+00:00,29475.94,29477.19,29382.44,29418.19,60406
2026-08-06T07:00:00+00:00,29418.19,29459.56,29398.06,29403.44,67723
2026-08-06T08:00:00+00:00,29403.44,29429.31,29341.31,29414.69,79271
2026-08-06T09:00:00+00:00,29414.69,29426.94,29334.81,29423.31,55371
2026-08-06T10:00:00+00:00,29423.31,29430.56,29364.56,29381.81,45597
2026-08-06T11:00:00+00:00,29381.81,29411.69,29262.19,29363.44,91292
2026-08-06T12:00:00+00:00,29363.44,29371.94,29285.56,29297.19,84737
2026-08-06T13:00:00+00:00,29297.19,29446.96,29138.96,29424.71,373985
2026-08-06T14:00:00+00:00,29424.71,29563.34,29385.59,29554.21,441694
2026-08-06T15:00:00+00:00,29554.21,29583.21,29403.34,29412.34,347866
2026-08-06T16:00:00+00:00,29412.34,29454.84,29346.84,29454.09,273582
2026-08-06T17:00:00+00:00,29454.09,29471.09,29390.96,29425.71,177634
2026-08-06T18:00:00+00:00,29425.71,29472.59,29396.71,29411.96,142039
2026-08-06T19:00:00+00:00,29411.96,29467.21,29372.59,29394.71,161310
2026-08-06T20:00:00+00:00,29394.71,29447.69,29378.06,29400.88,49157
2026-08-06T22:00:00+00:00,29400.88,29478.63,29394.83,29465.51,19486
2026-08-06T23:00:00+00:00,29465.51,29502.01,29454.88,29494.88,25257
2026-08-07T00:00:00+00:00,29494.88,29518.88,29398.26,29461.63,98767
2026-08-07T01:00:00+00:00,29461.63,29481.63,29383.63,29426.63,102977
2026-08-07T02:00:00+00:00,29426.63,29448.38,29376.38,29426.51,67044
2026-08-07T03:00:00+00:00,29426.51,29446.76,29385.63,29388.38,50300
2026-08-07T04:00:00+00:00,29388.38,29424.63,29356.26,29409.76,49235
2026-08-07T05:00:00+00:00,29409.76,29456.63,29405.76,29422.88,47490
2026-08-07T06:00:00+00:00,29422.88,29483.51,29420.63,29452.88,41492
2026-08-07T07:00:00+00:00,29452.88,29492.51,29432.26,29483.88,51089
2026-08-07T08:00:00+00:00,29483.88,29547.13,29483.51,29533.01,48712
2026-08-07T09:00:00+00:00,29533.01,29549.38,29516.63,29517.88,39636
2026-08-07T10:00:00+00:00,29517.88,29528.13,29492.51,29507.38,36306
2026-08-07T11:00:00+00:00,29507.38,29569.63,29507.38,29514.51,45539
2026-08-07T12:00:00+00:00,29514.51,29767.13,29505.26,29743.76,99792
2026-08-07T13:00:00+00:00,29743.76,29750.51,29544.91,29579.91,403269
2026-08-07T14:00:00+00:00,29579.91,29679.41,29465.16,29621.16,510451
2026-08-07T15:00:00+00:00,29621.16,29755.03,29610.53,29714.28,227232
2026-08-07T16:00:00+00:00,29714.28,29730.28,29572.41,29640.16,205529
2026-08-07T17:00:00+00:00,29640.16,29668.41,29627.53,29644.03,126232
2026-08-07T18:00:00+00:00,29644.03,29654.78,29578.649999999998,29626.03,102862
2026-08-07T19:00:00+00:00,29626.03,29761.399999999998,29625.45,29736.149999999998,142540
2026-08-07T20:00:00+00:00,29736.149999999998,29751.379999999997,29702.88,29714.710000000003,26583
2026-08-09T22:00:00+00:00,29714.710000000003,29801.18,29711.13,29749.68,37765
2026-08-09T23:00:00+00:00,29749.68,29786.93,29733.81,29735.18,32772
2026-08-10T00:00:00+00:00,29735.18,29811.31,29694.63,29707.93,88862
2026-08-10T01:00:00+00:00,29707.93,29800.06,29697.13,29790.31,78785
2026-08-10T02:00:00+00:00,29790.31,29804.68,29754.06,29786.68,47318
2026-08-10T03:00:00+00:00,29786.68,29804.18,29774.31,29783.68,40742
2026-08-10T04:00:00+00:00,29783.68,29809.43,29770.31,29787.06,33888
2026-08-10T05:00:00+00:00,29787.06,29836.06,29786.06,29834.93,33078
2026-08-10T06:00:00+00:00,29834.93,29867.68,29811.81,29814.31,36860
2026-08-10T07:00:00+00:00,29814.31,29889.56,29792.18,29858.56,48757
2026-08-10T08:00:00+00:00,29858.56,29886.43,29844.93,29877.06,47290
2026-08-10T09:00:00+00:00,29877.06,29889.06,29841.31,29843.93,33275
2026-08-10T10:00:00+00:00,29843.93,29864.31,29814.68,29817.68,41240
2026-08-10T11:00:00+00:00,29817.68,29831.31,29751.31,29776.93,71355
2026-08-10T12:00:00+00:00,29776.93,29789.06,29677.31,29683.06,76232
2026-08-10T13:00:00+00:00,29683.06,29746.83,29624.83,29712.460000000003,360551
2026-08-10T14:00:00+00:00,29712.460000000003,29805.710000000003,29683.58,29685.210000000003,304277
2026-08-10T15:00:00+00:00,29685.210000000003,29760.33,29646.83,29749.960000000003,206743
2026-08-10T16:00:00+00:00,29749.960000000003,29764.58,29636.210000000003,29685.58,168116
2026-08-10T17:00:00+00:00,29685.58,29717.08,29650.460000000003,29665.08,101871
2026-08-10T18:00:00+00:00,29665.08,29690.33,29648.08,29688.33,78131
2026-08-10T19:00:00+00:00,29688.33,29701.83,29628.460000000003,29649.960000000003,96140
2026-08-10T20:00:00+00:00,29649.960000000003,29675.31,29642.68,29670.260000000002,25281
2026-08-10T22:00:00+00:00,29670.260000000002,29697.07,29631.57,29641.57,19478
2026-08-10T23:00:00+00:00,29641.57,29643.45,29586.57,29612.07,24723
2026-08-11T00:00:00+00:00,29612.07,29702.57,29575.2,29693.95,65799
2026-08-11T01:00:00+00:00,29693.95,29751.2,29673.32,29727.32,65460
2026-08-11T02:00:00+00:00,29727.32,29752.95,29721.32,29727.2,42206
2026-08-11T03:00:00+00:00,29727.2,29756.2,29723.82,29740.82,32863
2026-08-11T04:00:00+00:00,29740.82,29770.45,29740.82,29747.95,30129
2026-08-11T05:00:00+00:00,29747.95,29762.95,29697.02,29701.82,41766
2026-08-11T06:00:00+00:00,29701.82,29736.2,29641.32,29663.82,47377
2026-08-11T07:00:00+00:00,29663.82,29689.07,29637.2,29683.32,62318
2026-08-11T08:00:00+00:00,29683.32,29713.07,29626.7,29657.7,63193
2026-08-11T09:00:00+00:00,29657.7,29692.45,29627.32,29678.07,45704
2026-08-11T10:00:00+00:00,29678.07,29741.95,29659.32,29726.32,42397
2026-08-11T11:00:00+00:00,29726.32,29795.57,29720.07,29740.95,75448
2026-08-11T12:00:00+00:00,29740.95,29780.07,29728.2,29741.32,57309
2026-08-11T13:00:00+00:00,29741.32,29759.95,29541.27,29642.600000000002,315299
2026-08-11T14:00:00+00:00,29642.600000000002,29713.97,29628.100000000002,29685.47,284263
2026-08-11T15:00:00+00:00,29685.47,29701.350000000002,29568.47,29572.22,188587
2026-08-11T16:00:00+00:00,29572.22,29590.850000000002,29524.27,29535.350000000002,116548
2026-08-11T17:00:00+00:00,29535.350000000002,29549.97,29481.97,29538.22,99048
2026-08-11T18:00:00+00:00,29538.22,29544.47,29442.600000000002,29491.850000000002,108354
2026-08-11T19:00:00+00:00,29491.850000000002,29569.47,29480.72,29544.600000000002,111007
2026-08-11T20:00:00+00:00,29544.600000000002,29585.7,29523.7,29556.02,31675
2026-08-11T22:00:00+00:00,29556.02,29577.480000000003,29539.43,29561.980000000003,16565
2026-08-11T23:00:00+00:00,29561.980000000003,29574.61,29546.36,29574.11,20134
2026-08-12T00:00:00+00:00,29574.11,29591.61,29536.980000000003,29578.730000000003,83054
2026-08-12T01:00:00+00:00,29578.730000000003,29595.36,29551.480000000003,29570.86,62949
2026-08-12T02:00:00+00:00,29570.86,29614.980000000003,29561.730000000003,29614.36,35781
2026-08-12T03:00:00+00:00,29614.36,29621.86,29597.11,29606.730000000003,33648
2026-08-12T04:00:00+00:00,29606.730000000003,29627.61,29595.36,29625.61,24153
2026-08-12T05:00:00+00:00,29625.61,29629.86,29580.480000000003,29627.36,35362
2026-08-12T06:00:00+00:00,29627.36,29648.980000000003,29609.61,29648.36,35468
2026-08-12T07:00:00+00:00,29648.36,29666.480000000003,29639.730000000003,29662.980000000003,36787
2026-08-12T08:00:00+00:00,29662.980000000003,29711.230000000003,29659.730000000003,29706.11,41264
2026-08-12T09:00:00+00:00,29706.11,29760.730000000003,29705.230000000003,29727.980000000003,50545
2026-08-12T10:00:00+00:00,29727.980000000003,29757.11,29698.18,29727.230000000003,42153
2026-08-12T11:00:00+00:00,29727.230000000003,29758.230000000003,29717.480000000003,29757.61,45354
2026-08-12T12:00:00+00:00,29757.61,29870.18,29662.93,29831.480000000003,110526
2026-08-12T13:00:00+00:00,29831.480000000003,29913.63,29765.88,29819.63,338360
2026-08-12T14:00:00+00:00,29819.63,29857.760000000002,29740.88,29779.760000000002,335865
2026-08-12T15:00:00+00:00,29779.760000000002,29803.88,29731.13,29744.510000000002,194713
2026-08-12T16:00:00+00:00,29744.510000000002,29830.13,29741.510000000002,29817.760000000002,97431
2026-08-12T17:00:00+00:00,29817.760000000002,29836.63,29801.88,29822.63,73828
2026-08-12T18:00:00+00:00,29822.63,29844.13,29797.38,29802.5,66509.09732396773
2026-08-12T19:00:00+00:00,29802.5,29816.75,29738.13,29764.75,101136
2026-08-12T20:00:00+00:00,29764.75,29817.850000000002,29716.350000000002,29718.93,39654
2026-08-12T22:00:00+00:00,29718.93,29743.850000000002,29692.8,29711.53,19745
2026-08-12T23:00:00+00:00,29711.53,29728.65,29706.4,29718.9,19632
2026-08-13T00:00:00+00:00,29718.9,29780.15,29710.53,29760.28,59416
2026-08-13T01:00:00+00:00,29760.28,29779.4,29722.03,29771.03,49675
2026-08-13T02:00:00+00:00,29771.03,29791.15,29747.65,29782.78,32400
2026-08-13T03:00:00+00:00,29782.78,29793.78,29779.4,29792.53,22080
2026-08-13T04:00:00+00:00,29792.53,29809.53,29767.9,29793.15,27129
2026-08-13T05:00:00+00:00,29793.15,29837.4,29788.4,29797.9,28544
2026-08-13T06:00:00+00:00,29797.9,29819.15,29772.600000000002,29802.15,35630
2026-08-13T07:00:00+00:00,29802.15,29807.28,29759.15,29774.15,38935
2026-08-13T08:00:00+00:00,29774.15,29789.15,29741.53,29774.9,49985
2026-08-13T09:00:00+00:00,29774.9,29793.4,29734.9,29790.65,31158
2026-08-13T10:00:00+00:00,29790.65,29800.15,29776.9,29794.53,27371
2026-08-13T11:00:00+00:00,29794.53,29808.65,29769.65,29782.53,39225
2026-08-13T12:00:00+00:00,29782.53,29802.600000000002,29726.600000000002,29794.28,77004
2026-08-13T13:00:00+00:00,29794.28,30095.18,29777.8,30090.3,241999
2026-08-13T14:00:00+00:00,30090.3,30181.3,30070.3,30113.8,199898
2026-08-13T15:00:00+00:00,30113.8,30152.93,30018.8,30029.3,218979
2026-08-13T16:00:00+00:00,30029.3,30117.55,30028.55,30107.8,109217
2026-08-13T17:00:00+00:00,30107.8,30164.18,30106.93,30118.8,70198
2026-08-13T18:00:00+00:00,30118.8,30160.18,30095.55,30158.3,74741
2026-08-13T19:00:00+00:00,30158.3,30187.05,30087.68,30108.55,105647
2026-08-13T20:00:00+00:00,30108.55,30133.03,30058.600000000002,30129.23,32435
2026-08-13T22:00:00+00:00,30129.23,30131.59,30100.66,30117.96,16858
2026-08-13T23:00:00+00:00,30117.96,30140.59,30104.34,30117.59,15847
2026-08-14T00:00:00+00:00,30117.59,30146.34,30081.21,30084.09,51477
2026-08-14T01:00:00+00:00,30084.09,30084.21,30038.84,30066.34,49635
2026-08-14T02:00:00+00:00,30066.34,30095.34,30064.09,30068.84,27816
2026-08-14T03:00:00+00:00,30068.84,30096.21,30065.09,30067.09,22468
2026-08-14T04:00:00+00:00,30067.09,30079.59,30052.59,30062.34,27005
2026-08-14T05:00:00+00:00,30062.34,30096.09,30042.46,30088.71,27247
2026-08-14T06:00:00+00:00,30088.71,30092.71,30062.41,30087.34,22212
2026-08-14T07:00:00+00:00,30087.34,30117.96,30085.84,30108.71,30457
2026-08-14T08:00:00+00:00,30108.71,30154.71,30101.84,30135.84,43494
2026-08-14T09:00:00+00:00,30135.84,30150.84,30121.71,30149.09,30512
2026-08-14T10:00:00+00:00,30149.09,30166.34,30136.96,30165.96,26257
2026-08-14T11:00:00+00:00,30165.96,30182.59,30151.84,30178.84,31308
2026-08-14T12:00:00+00:00,30178.84,30194.46,30123.34,30182.84,52918
2026-08-14T13:00:00+00:00,30182.84,30197.59,30084.74,30141.16,259477
2026-08-14T14:00:00+00:00,30141.16,30187.11,30037.86,30037.86,255742
2026-08-14T15:00:00+00:00,30037.86,30056.36,29943.99,29981.11,157648
2026-08-14T16:00:00+00:00,29981.11,30022.11,29965.49,29973.61,92854
2026-08-14T17:00:00+00:00,29973.61,29999.38,29962.99,29996.260000000002,77251.69241312973
2026-08-14T18:00:00+00:00,29996.260000000002,30018.760000000002,29977.63,30003.38,60864
2026-08-14T19:00:00+00:00,30003.38,30063.010000000002,29991.18,30059.63,76404
2026-08-14T20:00:00+00:00,30059.63,30067.48,30041.84,30056.79,18356
2026-08-16T22:00:00+00:00,30056.79,30134.2,30056.79,30129.08,15849
2026-08-16T23:00:00+00:00,30129.08,30150.95,30115.2,30138.58,14908
2026-08-17T00:00:00+00:00,30138.58,30150.33,30109.33,30124.83,35033
2026-08-17T01:00:00+00:00,30124.83,30162.2,30110.45,30115.33,38698
2026-08-17T02:00:00+00:00,30115.33,30154.2,30109.33,30146.08,22622
2026-08-17T03:00:00+00:00,30146.08,30169.95,30144.9,30169.83,17353
2026-08-17T04:00:00+00:00,30169.83,30177.45,30156.7,30158.45,12999
2026-08-17T05:00:00+00:00,30158.45,30197.45,30154.08,30195.83,18618
2026-08-17T06:00:00+00:00,30195.83,30250.2,30190.58,30247.95,22360
2026-08-17T07:00:00+00:00,30247.95,30254.95,30184.7,30236.08,38389
2026-08-17T08:00:00+00:00,30236.08,30251.08,30207.58,30221.45,46211
2026-08-17T09:00:00+00:00,30221.45,30226.2,30191.08,30204.95,36642
2026-08-17T10:00:00+00:00,30204.95,30262.95,30199.7,30238.33,43413
2026-08-17T11:00:00+00:00,30238.33,30248.7,30209.45,30209.83,38623
2026-08-17T12:00:00+00:00,30209.83,30212.08,30104.45,30125.58,66230
2026-08-17T13:00:00+00:00,30125.58,30189.730000000003,30089.350000000002,30158.600000000002,265356
2026-08-17T14:00:00+00:00,30158.600000000002,30169.730000000003,30079.4,30167.600000000002,205833
2026-08-17T15:00:00+00:00,30167.600000000002,30210.600000000002,30131.980000000003,30163.350000000002,111947
2026-08-17T16:00:00+00:00,30163.350000000002,30167.350000000002,30099.230000000003,30107.600000000002,76024
2026-08-17T17:00:00+00:00,30107.600000000002,30111.100000000002,30010.480000000003,30025.980000000003,106363
2026-08-17T18:00:00+00:00,30025.980000000003,30060.480000000003,30003.480000000003,30046.100000000002,74076
2026-08-17T19:00:00+00:00,30046.100000000002,30048.230000000003,29990.600000000002,30014.600000000002,88956
2026-08-17T20:00:00+00:00,30014.600000000002,30021.08,29978.45,30002.9,26864
2026-08-17T22:00:00+00:00,30002.9,30017.530000000002,29988.530000000002,30005.15,18758
2026-08-17T23:00:00+00:00,30005.15,30027.15,29996.280000000002,30020.780000000002,18939
2026-08-18T00:00:00+00:00,30020.780000000002,30047.280000000002,30009.780000000002,30024.9,37350
2026-08-18T01:00:00+00:00,30024.9,30035.9,29895.600000000002,29938.65,52283
2026-08-18T02:00:00+00:00,29938.65,29947.9,29806.530000000002,29834.780000000002,67292
2026-08-18T03:00:00+00:00,29834.780000000002,29841.780000000002,29779.280000000002,29819.4,54741
2026-08-18T04:00:00+00:00,29819.4,29853.15,29796.65,29843.65,39145
2026-08-18T05:00:00+00:00,29843.65,29844.9,29762.100000000002,29767.030000000002,37564
2026-08-18T06:00:00+00:00,29767.030000000002,29822.030000000002,29712.030000000002,29819.030000000002,50249
2026-08-18T07:00:00+00:00,29819.030000000002,29822.780000000002,29734.780000000002,29736.65,54155
2026-08-18T08:00:00+00:00,29736.65,29740.280000000002,29662.030000000002,29692.780000000002,73086
2026-08-18T09:00:00+00:00,29692.780000000002,29703.780000000002,29613.530000000002,29658.9,62868
2026-08-18T10:00:00+00:00,29658.9,29678.4,29630.100000000002,29664.65,44218
2026-08-18T11:00:00+00:00,29664.65,29701.530000000002,29653.530000000002,29673.9,52323
2026-08-18T12:00:00+00:00,29673.9,29711.65,29607.280000000002,29639.530000000002,54601
2026-08-18T13:00:00+00:00,29639.530000000002,29696.050000000003,29531.43,29573.43,335485
2026-08-18T14:00:00+00:00,29573.43,29632.300000000003,29462.93,29474.43,346965
2026-08-18T15:00:00+00:00,29474.43,29567.550000000003,29440.550000000003,29563.050000000003,194544
2026-08-18T16:00:00+00:00,29563.050000000003,29597.550000000003,29530.300000000003,29576.050000000003,123544
2026-08-18T17:00:00+00:00,29576.050000000003,29587.550000000003,29491.93,29492.43,91479
2026-08-18T18:00:00+00:00,29492.43,29541.18,29473.68,29497.800000000003,83031
2026-08-18T19:00:00+00:00,29497.800000000003,29535.93,29485.93,29513.050000000003,102069
2026-08-18T20:00:00+00:00,29513.050000000003,29523.15,29476.4,29487.72,25405
2026-08-18T22:00:00+00:00,29487.72,29523.5,29447.63,29450,25874
2026-08-18T23:00:00+00:00,29450,29498,29445.63,29458.5,31616
2026-08-19T00:00:00+00:00,29458.5,29516.25,29369.45,29470.88,89111
2026-08-19T01:00:00+00:00,29470.88,29540,29460.88,29509,83797
2026-08-19T02:00:00+00:00,29509,29514,29445.2,29462,61397
2026-08-19T03:00:00+00:00,29462,29497.13,29446.88,29456.25,48931
2026-08-19T04:00:00+00:00,29456.25,29474,29394.38,29436.25,46523
2026-08-19T05:00:00+00:00,29436.25,29465.13,29377.25,29387.5,61914
2026-08-19T06:00:00+00:00,29387.5,29492,29361,29489.25,63130
2026-08-19T07:00:00+00:00,29489.25,29537,29451,29531.13,58948
2026-08-19T08:00:00+00:00,29531.13,29571.38,29522.75,29538.5,61488
2026-08-19T09:00:00+00:00,29538.5,29560.88,29466.88,29484.38,48412
2026-08-19T10:00:00+00:00,29484.38,29489.25,29440.88,29451.88,52463
2026-08-19T11:00:00+00:00,29451.88,29508.5,29437.38,29466.13,64227
2026-08-19T12:00:00+00:00,29466.13,29687.75,29441.88,29673.25,120475
2026-08-19T13:00:00+00:00,29673.25,29679,29338.780000000002,29427.780000000002,435801
2026-08-19T14:00:00+00:00,29427.780000000002,29555.280000000002,29307.030000000002,29554.280000000002,448698
2026-08-19T15:00:00+00:00,29554.280000000002,29561.530000000002,29481.4,29538.030000000002,213691
2026-08-19T16:00:00+00:00,29538.030000000002,29598.15,29483.780000000002,29490.65,131058
2026-08-19T17:00:00+00:00,29490.65,29503.530000000002,29441.15,29475.65,111574
2026-08-19T18:00:00+00:00,29475.65,29522.280000000002,29422.660000000003,29465.780000000002,137176
2026-08-19T19:00:00+00:00,29465.780000000002,29520.780000000002,29416.160000000003,29452.280000000002,134203
2026-08-19T20:00:00+00:00,29452.280000000002,29492.63,29444.760000000002,29490.710000000003,27226
2026-08-19T22:00:00+00:00,29490.710000000003,29583.750000000004,29484.320000000003,29579.620000000003,27261
2026-08-19T23:00:00+00:00,29579.620000000003,29617.32,29556.370000000003,29559,26903
2026-08-20T00:00:00+00:00,29559,29605,29512,29600.370000000003,86056
2026-08-20T01:00:00+00:00,29600.370000000003,29613.5,29554.370000000003,29572.75,89894
2026-08-20T02:00:00+00:00,29572.75,29612.370000000003,29540,29559.5,66095
2026-08-20T03:00:00+00:00,29559.5,29585.870000000003,29526.75,29547.620000000003,52020
2026-08-20T04:00:00+00:00,29547.620000000003,29585.120000000003,29538.120000000003,29547.370000000003,42581
2026-08-20T05:00:00+00:00,29547.370000000003,29570.370000000003,29518,29535.5,54607
2026-08-20T06:00:00+00:00,29535.5,29615.75,29533,29601.75,49473
2026-08-20T07:00:00+00:00,29601.75,29601.75,29522.870000000003,29523.870000000003,63461
2026-08-20T08:00:00+00:00,29523.870000000003,29534.370000000003,29386,29406.620000000003,94160
2026-08-20T09:00:00+00:00,29406.620000000003,29476.25,29396.75,29457.25,66971
2026-08-20T10:00:00+00:00,29457.25,29495.370000000003,29442.120000000003,29495.120000000003,60855
2026-08-20T11:00:00+00:00,29495.120000000003,29511.120000000003,29279,29290.370000000003,99624
2026-08-20T12:00:00+00:00,29290.370000000003,29304.120000000003,29171.5,29275.5,128344
2026-08-20T13:00:00+00:00,29275.5,29399.65,29240.4,29283.02,404187
2026-08-20T14:00:00+00:00,29283.02,29363.15,29238.4,29322.65,460674
2026-08-20T15:00:00+00:00,29322.65,29380.4,29200.02,29260.02,286488
2026-08-20T16:00:00+00:00,29260.02,29318.65,29232.77,29309.27,150187
2026-08-20T17:00:00+00:00,29309.27,29311.77,29213.02,29222.52,116916
2026-08-20T18:00:00+00:00,29222.52,29222.52,29133.02,29173.9,112999
2026-08-20T19:00:00+00:00,29173.9,29265.27,29172.52,29233.77,121475
2026-08-20T20:00:00+00:00,29233.77,29250.25,29193.870000000003,29247.45,33181
2026-08-20T22:00:00+00:00,29247.45,29274.190000000002,29204.32,29252.190000000002,23486
2026-08-20T23:00:00+00:00,29252.190000000002,29258.07,29216.57,29223.32,26788
2026-08-21T00:00:00+00:00,29223.32,29294.32,29221.07,29250.82,83280
2026-08-21T01:00:00+00:00,29250.82,29302.07,29222.190000000002,29283.07,77149
2026-08-21T02:00:00+00:00,29283.07,29328.82,29273.440000000002,29313.940000000002,45714
2026-08-21T03:00:00+00:00,29313.940000000002,29317.57,29272.57,29282.32,41859
2026-08-21T04:00:00+00:00,29282.32,29301.32,29251.07,29287.690000000002,37235
2026-08-21T05:00:00+00:00,29287.690000000002,29309.690000000002,29270.440000000002,29295.440000000002,39623
2026-08-21T06:00:00+00:00,29295.440000000002,29330.57,29284.690000000002,29316.32,41712
2026-08-21T07:00:00+00:00,29316.32,29385.440000000002,29310.07,29376.190000000002,46822
2026-08-21T08:00:00+00:00,29376.190000000002,29397.07,29320.940000000002,29382.82,58631
2026-08-21T09:00:00+00:00,29382.82,29420.940000000002,29341.940000000002,29414.940000000002,45198
2026-08-21T10:00:00+00:00,29414.940000000002,29444.940000000002,29399.940000000002,29409.190000000002,38068
2026-08-21T11:00:00+00:00,29409.190000000002,29467.57,29382.82,29429.82,62109
2026-08-21T12:00:00+00:00,29429.82,29461.690000000002,29408.57,29440.940000000002,52469
2026-08-21T13:00:00+00:00,29440.940000000002,29445.440000000002,29188.97,29233.72,278152
2026-08-21T14:00:00+00:00,29233.72,29264.09,29150.97,29261.97,343381
2026-08-21T15:00:00+00:00,29261.97,29418.09,29256.84,29374.47,165558
2026-08-21T16:00:00+00:00,29374.47,29382.09,29310.97,29342.09,126122
2026-08-21T17:00:00+00:00,29342.09,29353.59,29306.72,29313.59,90600
2026-08-21T18:00:00+00:00,29313.59,29335.09,29284.34,29330.09,68546
2026-08-21T19:00:00+00:00,29330.09,29361.97,29305.84,29325.59,84341
2026-08-21T20:00:00+00:00,29325.59,29326.690000000002,29297.69,29315.140000000003,21432
2026-08-23T22:00:00+00:00,29315.140000000003,29346.800000000003,29239,29328.18,34593
2026-08-23T23:00:00+00:00,29328.18,29418.300000000003,29322.550000000003,29405.300000000003,29557
2026-08-24T00:00:00+00:00,29405.300000000003,29410.050000000003,29273.800000000003,29363.930000000004,119782
2026-08-24T01:00:00+00:00,29363.930000000004,29385.550000000003,29259.300000000003,29260.300000000003,106024
2026-08-24T02:00:00+00:00,29260.300000000003,29315.550000000003,29239.550000000003,29308.680000000004,82778
2026-08-24T03:00:00+00:00,29308.680000000004,29309.930000000004,29203.750000000004,29209.680000000004,62223
2026-08-24T04:00:00+00:00,29209.680000000004,29241.300000000003,29201.930000000004,29204.180000000004,59571
2026-08-24T05:00:00+00:00,29204.180000000004,29234.800000000003,29133.930000000004,29137.800000000003,66209
2026-08-24T06:00:00+00:00,29137.800000000003,29156.680000000004,29063.680000000004,29101.550000000003,69595
2026-08-24T07:00:00+00:00,29101.550000000003,29150.550000000003,29070.430000000004,29083.930000000004,69516
2026-08-24T08:00:00+00:00,29083.930000000004,29177.680000000004,29055.050000000003,29152.430000000004,77131
2026-08-24T09:00:00+00:00,29152.430000000004,29187.430000000004,29139.300000000003,29169.800000000003,46831
2026-08-24T10:00:00+00:00,29169.800000000003,29184.550000000003,29117.930000000004,29122.800000000003,47478
2026-08-24T11:00:00+00:00,29122.800000000003,29220.680000000004,29084.180000000004,29185.180000000004,93003
2026-08-24T12:00:00+00:00,29185.180000000004,29185.180000000004,29113.250000000004,29143.680000000004,78372
2026-08-24T13:00:00+00:00,29143.680000000004,29181.580000000005,28886.830000000005,28960.830000000005,341855
2026-08-24T14:00:00+00:00,28960.830000000005,29048.580000000005,28892.580000000005,29021.580000000005,287372
2026-08-24T15:00:00+00:00,29021.580000000005,29142.700000000004,28978.580000000005,29107.200000000004,167833
2026-08-24T16:00:00+00:00,29107.200000000004,29162.450000000004,29095.580000000005,29108.950000000004,118681
2026-08-24T17:00:00+00:00,29108.950000000004,29148.580000000005,29054.950000000004,29061.830000000005,113394
2026-08-24T18:00:00+00:00,29061.830000000005,29171.450000000004,29061.700000000004,29092.700000000004,92242
2026-08-24T19:00:00+00:00,29092.700000000004,29110.700000000004,29035.200000000004,29037.950000000004,92396
2026-08-24T20:00:00+00:00,29037.950000000004,29073.300000000003,29019.180000000004,29067.630000000005,25043
2026-08-24T22:00:00+00:00,29067.630000000005,29090.470000000005,29053.650000000005,29062.520000000004,17799
2026-08-24T23:00:00+00:00,29062.520000000004,29069.520000000004,29014.270000000004,29037.650000000005,31320
2026-08-25T00:00:00+00:00,29037.650000000005,29086.270000000004,28959.270000000004,29068.770000000004,121684
2026-08-25T01:00:00+00:00,29068.770000000004,29097.020000000004,29037.770000000004,29067.900000000005,127492
2026-08-25T02:00:00+00:00,29067.900000000005,29109.650000000005,29035.400000000005,29044.020000000004,90653
2026-08-25T03:00:00+00:00,29044.020000000004,29131.400000000005,29042.400000000005,29106.150000000005,74169
2026-08-25T04:00:00+00:00,29106.150000000005,29158.150000000005,29101.020000000004,29141.770000000004,61283
2026-08-25T05:00:00+00:00,29141.770000000004,29182.650000000005,29131.520000000004,29173.900000000005,67908
2026-08-25T06:00:00+00:00,29173.900000000005,29229.150000000005,29172.020000000004,29204.900000000005,55984
2026-08-25T07:00:00+00:00,29204.900000000005,29231.650000000005,29168.650000000005,29174.400000000005,71689
2026-08-25T08:00:00+00:00,29174.400000000005,29265.900000000005,29154.520000000004,29243.650000000005,105020
2026-08-25T09:00:00+00:00,29243.650000000005,29358.020000000004,29228.400000000005,29332.770000000004,85654
2026-08-25T10:00:00+00:00,29332.770000000004,29352.400000000005,29288.020000000004,29300.770000000004,57477
2026-08-25T11:00:00+00:00,29300.770000000004,29333.770000000004,29247.900000000005,29316.520000000004,67895
2026-08-25T12:00:00+00:00,29316.520000000004,29344.390000000003,29249.140000000003,29270.260000000002,73217
2026-08-25T13:00:00+00:00,29270.260000000002,29351.16,29218.04,29249.41,348521
2026-08-25T14:00:00+00:00,29249.41,29252.16,29095.960000000003,29168.41,354122
2026-08-25T15:00:00+00:00,29168.41,29244.41,29135.16,29199.66,181277
2026-08-25T16:00:00+00:00,29199.66,29236.16,29189.79,29212.16,97732
2026-08-25T17:00:00+00:00,29212.16,29215.16,29151.91,29163.91,86967
2026-08-25T18:00:00+00:00,29163.91,29216.41,29139.66,29198.04,76838
2026-08-25T19:00:00+00:00,29198.04,29231.54,29154.66,29213.29,98164
2026-08-25T20:00:00+00:00,29213.29,29254.890000000003,29205.010000000002,29229.340000000004,36344
2026-08-25T22:00:00+00:00,29229.340000000004,29253.530000000006,29225.150000000005,29228.400000000005,14959
2026-08-25T23:00:00+00:00,29228.400000000005,29232.150000000005,29151.530000000006,29155.400000000005,20629
2026-08-26T00:00:00+00:00,29155.400000000005,29182.650000000005,29055.150000000005,29056.780000000006,79940
2026-08-26T01:00:00+00:00,29056.780000000006,29091.780000000006,29040.780000000006,29077.280000000006,63917
2026-08-26T02:00:00+00:00,29077.280000000006,29174.030000000006,29063.650000000005,29165.150000000005,41049
2026-08-26T03:00:00+00:00,29165.150000000005,29219.150000000005,29149.650000000005,29209.150000000005,35750
2026-08-26T04:00:00+00:00,29209.150000000005,29225.280000000006,29161.530000000006,29172.650000000005,31248
2026-08-26T05:00:00+00:00,29172.650000000005,29205.780000000006,29170.530000000006,29186.030000000006,49359
2026-08-26T06:00:00+00:00,29186.030000000006,29220.030000000006,29148.280000000006,29196.150000000005,46421
2026-08-26T07:00:00+00:00,29196.150000000005,29201.650000000005,29131.030000000006,29156.900000000005,59187
2026-08-26T08:00:00+00:00,29156.900000000005,29194.280000000006,29133.150000000005,29172.400000000005,59625
2026-08-26T09:00:00+00:00,29172.400000000005,29181.030000000006,29135.900000000005,29178.400000000005,39565
2026-08-26T10:00:00+00:00,29178.400000000005,29186.150000000005,29133.150000000005,29181.030000000006,35473
2026-08-26T11:00:00+00:00,29181.030000000006,29222.280000000006,29131.280000000006,29163.400000000005,58816
2026-08-26T12:00:00+00:00,29163.400000000005,29206.280000000006,29078.530000000006,29095.150000000005,106804
2026-08-26T13:00:00+00:00,29095.150000000005,29277.050000000007,29079.280000000006,29276.800000000007,317250
2026-08-26T14:00:00+00:00,29276.800000000007,29276.800000000007,29101.300000000007,29197.300000000007,224578
2026-08-26T15:00:00+00:00,29197.300000000007,29235.550000000007,29160.430000000004,29162.180000000004,138063
2026-08-26T16:00:00+00:00,29162.180000000004,29170.180000000008,29116.680000000008,29163.430000000008,95775
2026-08-26T17:00:00+00:00,29163.430000000008,29239.180000000008,29156.930000000008,29230.560000000005,69852
2026-08-26T18:00:00+00:00,29230.560000000005,29275.05000000001,29211.180000000008,29267.180000000008,62860
2026-08-26T19:00:00+00:00,29267.180000000008,29313.930000000008,29226.80000000001,29247.680000000008,97845
2026-08-26T20:00:00+00:00,29247.680000000008,29378.47000000001,29232.15000000001,29377.22000000001,71816
2026-08-26T22:00:00+00:00,29377.22000000001,29576.930000000008,29377.22000000001,29554.81000000001,41013
2026-08-26T23:00:00+00:00,29554.81000000001,29601.81000000001,29533.930000000008,29596.180000000008,30267
2026-08-27T00:00:00+00:00,29596.180000000008,29601.930000000008,29387.430000000008,29392.930000000008,95276
2026-08-27T01:00:00+00:00,29392.930000000008,29501.560000000012,29381.56000000001,29478.810000000012,78545
2026-08-27T02:00:00+00:00,29478.810000000012,29507.68000000001,29464.810000000012,29496.93000000001,52636
2026-08-27T03:00:00+00:00,29496.93000000001,29523.060000000012,29473.93000000001,29486.18000000001,40545
2026-08-27T04:00:00+00:00,29486.18000000001,29498.93000000001,29441.18000000001,29446.810000000012,44741
2026-08-27T05:00:00+00:00,29446.810000000012,29451.68000000001,29376.560000000012,29385.93000000001,57102
2026-08-27T06:00:00+00:00,29385.93000000001,29447.810000000012,29350.43000000001,29446.060000000012,49371
2026-08-27T07:00:00+00:00,29446.060000000012,29497.18000000001,29425.18000000001,29486.060000000012,56933
2026-08-27T08:00:00+00:00,29486.060000000012,29608.18000000001,29485.560000000012,29571.810000000012,77066
2026-08-27T09:00:00+00:00,29571.810000000012,29581.310000000012,29515.810000000012,29549.060000000012,66155
2026-08-27T10:00:00+00:00,29549.060000000012,29554.060000000012,29516.060000000012,29545.93000000001,56454
2026-08-27T11:00:00+00:00,29545.93000000001,29576.68000000001,29462.93000000001,29505.93000000001,78004
2026-08-27T12:00:00+00:00,29505.93000000001,29537.810000000012,29464.310000000012,29470.560000000012,66925
2026-08-27T13:00:00+00:00,29470.560000000012,29552.210000000014,29373.210000000014,29430.210000000014,423267
2026-08-27T14:00:00+00:00,29430.210000000014,29569.080000000013,29426.710000000014,29549.460000000014,383919
2026-08-27T15:00:00+00:00,29549.460000000014,29591.330000000013,29470.210000000014,29555.080000000013,183774
2026-08-27T16:00:00+00:00,29555.080000000013,29607.830000000013,29519.580000000013,29600.830000000013,111038
2026-08-27T17:00:00+00:00,29600.830000000013,29625.710000000014,29556.330000000013,29560.460000000014,94261
2026-08-27T18:00:00+00:00,29560.460000000014,29570.960000000014,29476.210000000014,29520.210000000014,132667
2026-08-27T19:00:00+00:00,29520.210000000014,29652.830000000013,29516.330000000013,29648.710000000014,117539
2026-08-27T20:00:00+00:00,29648.710000000014,29655.810000000012,29569.18000000001,29585.130000000012,33513
2026-08-27T22:00:00+00:00,29585.130000000012,29593.140000000014,29551.010000000013,29583.510000000013,20109
2026-08-27T23:00:00+00:00,29583.510000000013,29586.390000000014,29541.640000000014,29550.890000000014,21057
2026-08-28T00:00:00+00:00,29550.890000000014,29616.390000000014,29544.010000000013,29594.010000000013,72281
2026-08-28T01:00:00+00:00,29594.010000000013,29627.890000000014,29591.140000000014,29626.390000000014,58584
2026-08-28T02:00:00+00:00,29626.390000000014,29651.890000000014,29594.010000000013,29612.510000000013,34594
2026-08-28T03:00:00+00:00,29612.510000000013,29655.260000000013,29589.510000000013,29617.510000000013,36699
2026-08-28T04:00:00+00:00,29617.510000000013,29620.140000000014,29585.640000000014,29590.890000000014,34710
2026-08-28T05:00:00+00:00,29590.890000000014,29593.010000000013,29547.010000000013,29547.640000000014,38280
2026-08-28T06:00:00+00:00,29547.640000000014,29594.760000000013,29544.010000000013,29594.140000000014,43631
2026-08-28T07:00:00+00:00,29594.140000000014,29602.390000000014,29543.010000000013,29556.140000000014,56549
2026-08-28T08:00:00+00:00,29556.140000000014,29582.390000000014,29527.760000000013,29568.760000000013,56729
2026-08-28T09:00:00+00:00,29568.760000000013,29569.890000000014,29544.760000000013,29555.640000000014,42028
2026-08-28T10:00:00+00:00,29555.640000000014,29573.390000000014,29542.390000000014,29570.640000000014,39168
2026-08-28T11:00:00+00:00,29570.640000000014,29588.640000000014,29547.640000000014,29551.760000000013,45740
2026-08-28T12:00:00+00:00,29551.760000000013,29613.260000000013,29547.890000000014,29607.890000000014,52506
2026-08-28T13:00:00+00:00,29607.890000000014,29650.91000000001,29513.29000000001,29578.710000000014,278748
2026-08-28T14:00:00+00:00,29578.710000000014,29747.54000000001,29455.91000000001,29746.66000000001,498491
2026-08-28T15:00:00+00:00,29746.66000000001,29760.29000000001,29495.16000000001,29502.79000000001,298773
2026-08-28T16:00:00+00:00,29502.79000000001,29540.54000000001,29415.16000000001,29451.54000000001,336558
2026-08-28T17:00:00+00:00,29451.54000000001,29478.41000000001,29388.79000000001,29464.41000000001,225288
2026-08-28T18:00:00+00:00,29464.41000000001,29470.66000000001,29392.66000000001,29405.04000000001,146541
2026-08-28T19:00:00+00:00,29405.04000000001,29468.91000000001,29393.41000000001,29446.04000000001,146671
2026-08-28T20:00:00+00:00,29446.04000000001,29456.390000000014,29427.510000000013,29455.72,29058
2026-08-30T22:00:00+00:00,29455.72,29500.260000000002,29385.690000000002,29399.940000000002,37314
2026-08-30T23:00:00+00:00,29399.940000000002,29405.31,29246.56,29246.81,49629
2026-08-31T00:00:00+00:00,29246.81,29355.440000000002,29230.81,29314.56,75821
2026-08-31T01:00:00+00:00,29314.56,29315.31,29249.56,29281.190000000002,111369
2026-08-31T02:00:00+00:00,29281.190000000002,29319.56,29244.31,29301.31,71993
2026-08-31T03:00:00+00:00,29301.31,29324.31,29293.81,29308.81,39013
2026-08-31T04:00:00+00:00,29308.81,29380.81,29291.31,29372.56,34403
2026-08-31T05:00:00+00:00,29372.56,29433.940000000002,29364.690000000002,29418.56,46720
2026-08-31T06:00:00+00:00,29418.56,29485.190000000002,29406.31,29473.940000000002,41008
2026-08-31T07:00:00+00:00,29473.940000000002,29478.940000000002,29450.190000000002,29465.81,42679
2026-08-31T08:00:00+00:00,29465.81,29492.190000000002,29432.56,29442.56,48424
2026-08-31T09:00:00+00:00,29442.56,29465.81,29402.940000000002,29408.440000000002,30553
2026-08-31T10:00:00+00:00,29408.440000000002,29428.56,29397.440000000002,29416.31,35527
2026-08-31T11:00:00+00:00,29416.31,29427.190000000002,29382.81,29386.56,48114
2026-08-31T12:00:00+00:00,29386.56,29439.440000000002,29336.940000000002,29346.940000000002,70106
2026-08-31T13:00:00+00:00,29346.940000000002,29474.09,29334.940000000002,29395.84,345817
2026-08-31T14:00:00+00:00,29395.84,29405.09,29312.960000000003,29373.09,272905
2026-08-31T15:00:00+00:00,29373.09,29402.34,29340.59,29346.34,170503
2026-08-31T16:00:00+00:00,29346.34,29400.460000000003,29320.84,29397.460000000003,114282
2026-08-31T17:00:00+00:00,29397.460000000003,29414.710000000003,29345.84,29399.210000000003,85740
2026-08-31T18:00:00+00:00,29399.210000000003,29418.34,29340.210000000003,29361.59,92984
2026-08-31T19:00:00+00:00,29361.59,29495.710000000003,29361.210000000003,29463.59,121531
2026-08-31T20:00:00+00:00,29463.59,29484.190000000002,29463.440000000002,29477.760000000002,25497
2026-08-31T22:00:00+00:00,29477.760000000002,29481.11,29450.24,29452.99,12738
2026-08-31T23:00:00+00:00,29452.99,29478.86,29446.24,29460.24,22980
2026-09-01T00:00:00+00:00,29460.24,29480.61,29437.74,29465.86,71448
2026-09-01T01:00:00+00:00,29465.86,29475.49,29434.49,29458.49,54229
2026-09-01T02:00:00+00:00,29458.49,29462.61,29395.24,29450.99,39136
2026-09-01T03:00:00+00:00,29450.99,29453.11,29418.74,29445.99,34980
2026-09-01T04:00:00+00:00,29445.99,29461.74,29425.74,29432.36,31257
2026-09-01T05:00:00+00:00,29432.36,29530.36,29406.61,29520.74,38068
2026-09-01T06:00:00+00:00,29520.74,29526.99,29473.24,29474.74,48374
2026-09-01T07:00:00+00:00,29474.74,29515.61,29389.81,29395.36,68267
2026-09-01T08:00:00+00:00,29395.36,29408.36,29191.06,29194.49,108867
2026-09-01T09:00:00+00:00,29194.49,29202.99,29143.24,29172.11,67807
2026-09-01T10:00:00+00:00,29172.11,29217.11,29156.81,29169.11,50546
2026-09-01T11:00:00+00:00,29159.86,29197.11,29126.86,29131.11,57853
2026-09-01T12:00:00+00:00,29131.11,29138.74,29082.36,29085.11,73961
2026-09-01T13:00:00+00:00,29085.11,29117.390000000003,29000.010000000002,29063.81,297664
2026-09-01T14:00:00+00:00,29063.81,29227.510000000002,29045.31,29188.010000000002,225384
2026-09-01T15:00:00+00:00,29188.010000000002,29276.260000000002,29140.010000000002,29255.510000000002,146196
2026-09-01T16:00:00+00:00,29255.510000000002,29260.010000000002,29092.510000000002,29150.640000000003,152495
2026-09-01T17:00:00+00:00,29150.640000000003,29151.390000000003,29063.510000000002,29100.010000000002,121620
2026-09-01T18:00:00+00:00,29100.010000000002,29110.890000000003,28962.260000000002,29035.510000000002,116209
2026-09-01T19:00:00+00:00,29035.510000000002,29100.510000000002,29031.010000000002,29084.890000000003,135864
2026-09-01T20:00:00+00:00,29084.890000000003,29118.360000000004,29072.860000000004,29097.560000000005,32034
2026-09-01T22:00:00+00:00,29097.560000000005,29111.420000000002,29065.300000000003,29094.050000000003,16310
2026-09-01T23:00:00+00:00,29094.050000000003,29109.170000000002,29082.920000000002,29097.050000000003,20105
2026-09-02T00:00:00+00:00,29097.050000000003,29132.800000000003,29066.800000000003,29066.920000000002,86718
2026-09-02T01:00:00+00:00,29066.920000000002,29092.420000000002,29010.920000000002,29038.300000000003,72799
2026-09-02T02:00:00+00:00,29038.300000000003,29039.800000000003,29037.800000000003,29038.300000000003,222
